{
  "run_name": "dx128_d02_n10000_seed0",
  "dx": 128,
  "d0": 2,
  "n_train": 10000,
  "seed": 0,
  "tangent_oracle_mse_per_dim": 0.01268148121535778,
  "tangent_oracle_mse_total": 0.02536296243071556,
  "normal_mse": 2.483536424152666e-11,
  "wall_time_seconds": 49.75165152549744
}