{
  "run_name": "dx128_d02_n2000_seed2",
  "dx": 128,
  "d0": 2,
  "n_train": 2000,
  "seed": 2,
  "tangent_oracle_mse_per_dim": 0.062187349247932434,
  "tangent_oracle_mse_total": 0.12437469849586487,
  "normal_mse": 2.4928707510751825e-11,
  "wall_time_seconds": 6.841627597808838
}