{
  "run_name": "dx128_d04_n50000_seed2",
  "dx": 128,
  "d0": 4,
  "n_train": 50000,
  "seed": 2,
  "tangent_oracle_mse_per_dim": 0.01316514746248722,
  "tangent_oracle_mse_total": 0.05266058984994888,
  "normal_mse": 7.162400236133959e-11,
  "wall_time_seconds": 168.62321376800537
}