{
  "run_name": "dx128_d02_n2000_seed4",
  "dx": 128,
  "d0": 2,
  "n_train": 2000,
  "seed": 4,
  "tangent_oracle_mse_per_dim": 0.04706042554974556,
  "tangent_oracle_mse_total": 0.09412085109949112,
  "normal_mse": 2.4320093594543124e-11,
  "wall_time_seconds": 7.40941047668457
}