{
  "run_name": "dx128_d08_n50000_seed2",
  "dx": 128,
  "d0": 8,
  "n_train": 50000,
  "seed": 2,
  "tangent_oracle_mse_per_dim": 0.013298769357800484,
  "tangent_oracle_mse_total": 0.10639015486240387,
  "normal_mse": 1.0184894987941284e-10,
  "wall_time_seconds": 176.97997069358826
}