{
  "run_name": "dx128_d02_n50000_seed3",
  "dx": 128,
  "d0": 2,
  "n_train": 50000,
  "seed": 3,
  "tangent_oracle_mse_per_dim": 0.008397423864156008,
  "tangent_oracle_mse_total": 0.016794847728312016,
  "normal_mse": 2.427922130426863e-11,
  "wall_time_seconds": 116.6635205745697
}