{
  "run_name": "dx512_d04_n2000_seed2",
  "dx": 512,
  "d0": 4,
  "n_train": 2000,
  "seed": 2,
  "tangent_oracle_mse_per_dim": 0.0960377736210823,
  "tangent_oracle_mse_total": 0.3841510944843292,
  "normal_mse": 2.363292659790517e-10,
  "wall_time_seconds": 13.3424813747406
}