{
  "run_name": "dx512_d04_n50000_seed0",
  "dx": 512,
  "d0": 4,
  "n_train": 50000,
  "seed": 0,
  "oracle_mse": 335.1873223632812,
  "normal_mse": 332.24782099609376,
  "wall_time_seconds": 1821.6812019348145
}