{
  "run_name": "dx32_d04_n50000_seed3",
  "dx": 32,
  "d0": 4,
  "n_train": 50000,
  "seed": 3,
  "tangent_oracle_mse_per_dim": 0.02113198348879814,
  "tangent_oracle_mse_total": 0.08452793395519256,
  "normal_mse": 2.0109704778475956e-11,
  "wall_time_seconds": 151.02167868614197
}