{
  "run_name": "dx512_d04_n2000_seed0",
  "dx": 512,
  "d0": 4,
  "n_train": 2000,
  "seed": 0,
  "tangent_oracle_mse_per_dim": 0.12866054668426513,
  "tangent_oracle_mse_total": 0.5146421867370605,
  "normal_mse": 2.374649931358164e-10,
  "wall_time_seconds": 12.824872732162476
}