{
  "run_name": "dx32_d04_n50000_seed4",
  "dx": 32,
  "d0": 4,
  "n_train": 50000,
  "seed": 4,
  "tangent_oracle_mse_per_dim": 0.009630973355472089,
  "tangent_oracle_mse_total": 0.038523893421888354,
  "normal_mse": 2.008663676951461e-11,
  "wall_time_seconds": 159.7522633075714
}