{
  "run_name": "dx128_d04_n2000_seed2",
  "dx": 128,
  "d0": 4,
  "n_train": 2000,
  "seed": 2,
  "tangent_oracle_mse_per_dim": 0.0921222288608551,
  "tangent_oracle_mse_total": 0.3684889154434204,
  "normal_mse": 7.176710345238591e-11,
  "wall_time_seconds": 6.580909013748169
}