{
  "run_name": "dx128_d016_n50000_seed0",
  "dx": 128,
  "d0": 16,
  "n_train": 50000,
  "seed": 0,
  "tangent_oracle_mse_per_dim": 0.01916699856221676,
  "tangent_oracle_mse_total": 0.30667197699546817,
  "normal_mse": 2.4853182641337847e-10,
  "wall_time_seconds": 169.09036445617676
}