{
  "run_name": "dx512_d04_n10000_seed2",
  "dx": 512,
  "d0": 4,
  "n_train": 10000,
  "seed": 2,
  "tangent_oracle_mse_per_dim": 0.02385526762008667,
  "tangent_oracle_mse_total": 0.09542107048034668,
  "normal_mse": 2.3682983543160675e-10,
  "wall_time_seconds": 28.26649761199951
}