{
  "run_name": "dx128_d02_n10000_seed3",
  "dx": 128,
  "d0": 2,
  "n_train": 10000,
  "seed": 3,
  "tangent_oracle_mse_per_dim": 0.013495590525865554,
  "tangent_oracle_mse_total": 0.02699118105173111,
  "normal_mse": 2.4890927359175195e-11,
  "wall_time_seconds": 24.393839597702026
}