{
  "run_name": "dx128_d02_n2000_seed1",
  "dx": 128,
  "d0": 2,
  "n_train": 2000,
  "seed": 1,
  "tangent_oracle_mse_per_dim": 0.05787868962287903,
  "tangent_oracle_mse_total": 0.11575737924575806,
  "normal_mse": 2.4898655848204498e-11,
  "wall_time_seconds": 10.50788164138794
}