{
  "run_name": "dx128_d016_n50000_seed1",
  "dx": 128,
  "d0": 16,
  "n_train": 50000,
  "seed": 1,
  "tangent_oracle_mse_per_dim": 0.016027129423618315,
  "tangent_oracle_mse_total": 0.25643407077789304,
  "normal_mse": 2.4805265876060023e-10,
  "wall_time_seconds": 169.0233588218689
}