{
  "run_name": "dx512_d04_n2000_seed4",
  "dx": 512,
  "d0": 4,
  "n_train": 2000,
  "seed": 4,
  "tangent_oracle_mse_per_dim": 0.0850284218609333,
  "tangent_oracle_mse_total": 0.3401136874437332,
  "normal_mse": 2.3636353323475137e-10,
  "wall_time_seconds": 7.955672979354858
}