{
  "run_name": "dx128_d08_n50000_seed1",
  "dx": 128,
  "d0": 8,
  "n_train": 50000,
  "seed": 1,
  "tangent_oracle_mse_per_dim": 0.01515305768251419,
  "tangent_oracle_mse_total": 0.12122446146011352,
  "normal_mse": 9.818945595346796e-11,
  "wall_time_seconds": 119.4995129108429
}