{
  "run_name": "dx128_d016_n50000_seed2",
  "dx": 128,
  "d0": 16,
  "n_train": 50000,
  "seed": 2,
  "tangent_oracle_mse_per_dim": 0.016880396708846092,
  "tangent_oracle_mse_total": 0.27008634734153747,
  "normal_mse": 2.481038556462201e-10,
  "wall_time_seconds": 117.41480326652527
}