{
  "run_name": "dx512_d04_n50000_seed3",
  "dx": 512,
  "d0": 4,
  "n_train": 50000,
  "seed": 3,
  "tangent_oracle_mse_per_dim": 0.013212020383775233,
  "tangent_oracle_mse_total": 0.052848081535100934,
  "normal_mse": 2.3756078575409847e-10,
  "wall_time_seconds": 237.8980667591095
}