{
  "run_name": "dx128_d08_n2000_seed1",
  "dx": 128,
  "d0": 8,
  "n_train": 2000,
  "seed": 1,
  "tangent_oracle_mse_per_dim": 0.18102477431297304,
  "tangent_oracle_mse_total": 1.4481981945037843,
  "normal_mse": 9.782133049071607e-11,
  "wall_time_seconds": 7.553619384765625
}