{
  "run_name": "dx512_d04_n50000_seed4",
  "dx": 512,
  "d0": 4,
  "n_train": 50000,
  "seed": 4,
  "tangent_oracle_mse_per_dim": 0.011459926268458367,
  "tangent_oracle_mse_total": 0.04583970507383347,
  "normal_mse": 2.3688753763018157e-10,
  "wall_time_seconds": 129.61481475830078
}