{
  "run_name": "dx32_d04_n10000_seed0",
  "dx": 32,
  "d0": 4,
  "n_train": 10000,
  "seed": 0,
  "tangent_oracle_mse_per_dim": 0.053008072710037234,
  "tangent_oracle_mse_total": 0.21203229084014893,
  "normal_mse": 2.007527554158395e-11,
  "wall_time_seconds": 44.949562072753906
}