{
  "run_name": "dx128_d04_n50000_seed0",
  "dx": 128,
  "d0": 4,
  "n_train": 50000,
  "seed": 0,
  "tangent_oracle_mse_per_dim": 0.014776857545971871,
  "tangent_oracle_mse_total": 0.059107430183887484,
  "normal_mse": 7.175749332268e-11,
  "wall_time_seconds": 166.9713225364685
}