{
  "run_name": "dx32_d04_n10000_seed2",
  "dx": 32,
  "d0": 4,
  "n_train": 10000,
  "seed": 2,
  "tangent_oracle_mse_per_dim": 0.028627748939394952,
  "tangent_oracle_mse_total": 0.11451099575757981,
  "normal_mse": 2.0076651752881646e-11,
  "wall_time_seconds": 23.03367018699646
}