{
  "run_name": "dx128_d02_n10000_seed4",
  "dx": 128,
  "d0": 2,
  "n_train": 10000,
  "seed": 4,
  "tangent_oracle_mse_per_dim": 0.01041503978073597,
  "tangent_oracle_mse_total": 0.02083007956147194,
  "normal_mse": 2.4821973365618532e-11,
  "wall_time_seconds": 32.65220260620117
}