{
  "run_name": "dx128_d02_n10000_seed1",
  "dx": 128,
  "d0": 2,
  "n_train": 10000,
  "seed": 1,
  "tangent_oracle_mse_per_dim": 0.019946078810095788,
  "tangent_oracle_mse_total": 0.039892157620191576,
  "normal_mse": 2.4774898749885256e-11,
  "wall_time_seconds": 36.85354232788086
}