{
  "run_name": "dx32_d04_n10000_seed1",
  "dx": 32,
  "d0": 4,
  "n_train": 10000,
  "seed": 1,
  "tangent_oracle_mse_per_dim": 0.024849751502275468,
  "tangent_oracle_mse_total": 0.09939900600910187,
  "normal_mse": 2.0179752079421686e-11,
  "wall_time_seconds": 35.01003289222717
}