{
  "run_name": "dx128_d016_n50000_seed4",
  "dx": 128,
  "d0": 16,
  "n_train": 50000,
  "seed": 4,
  "tangent_oracle_mse_per_dim": 0.02184715537428856,
  "tangent_oracle_mse_total": 0.34955448598861694,
  "normal_mse": 2.4829082609090227e-10,
  "wall_time_seconds": 109.65029835700989
}