{
  "run_name": "dx128_d016_n2000_seed2",
  "dx": 128,
  "d0": 16,
  "n_train": 2000,
  "seed": 2,
  "tangent_oracle_mse_per_dim": 0.3678258531093597,
  "tangent_oracle_mse_total": 5.885213649749756,
  "normal_mse": 2.4777929455155335e-10,
  "wall_time_seconds": 10.273512125015259
}