{
  "run_name": "dx32_d04_n50000_seed1",
  "dx": 32,
  "d0": 4,
  "n_train": 50000,
  "seed": 1,
  "tangent_oracle_mse_per_dim": 0.01329277921617031,
  "tangent_oracle_mse_total": 0.05317111686468124,
  "normal_mse": 2.0150780393607404e-11,
  "wall_time_seconds": 381.50205183029175
}