{
  "run_name": "dx512_d04_n10000_seed4",
  "dx": 512,
  "d0": 4,
  "n_train": 10000,
  "seed": 4,
  "tangent_oracle_mse_per_dim": 0.023698263376951217,
  "tangent_oracle_mse_total": 0.09479305350780487,
  "normal_mse": 5.645806353815619e-11,
  "wall_time_seconds": 29.22773504257202
}