{
  "run_name": "dx32_d04_n2000_seed4",
  "dx": 32,
  "d0": 4,
  "n_train": 2000,
  "seed": 4,
  "tangent_oracle_mse_per_dim": 0.0868097756266594,
  "tangent_oracle_mse_total": 0.3472391025066376,
  "normal_mse": 2.007065196124591e-11,
  "wall_time_seconds": 11.13470983505249
}