{
  "run_name": "dx128_d08_n2000_seed4",
  "dx": 128,
  "d0": 8,
  "n_train": 2000,
  "seed": 4,
  "tangent_oracle_mse_per_dim": 0.15095832303762435,
  "tangent_oracle_mse_total": 1.2076665843009948,
  "normal_mse": 1.0179655744735339e-10,
  "wall_time_seconds": 10.650375843048096
}