{
  "run_name": "dx128_d04_n50000_seed1",
  "dx": 128,
  "d0": 4,
  "n_train": 50000,
  "seed": 1,
  "tangent_oracle_mse_per_dim": 0.015178178519010543,
  "tangent_oracle_mse_total": 0.060712714076042174,
  "normal_mse": 7.184088907097319e-11,
  "wall_time_seconds": 110.89562845230103
}