{
  "run_name": "dx512_d04_n10000_seed0",
  "dx": 512,
  "d0": 4,
  "n_train": 10000,
  "seed": 0,
  "tangent_oracle_mse_per_dim": 0.028547440880537032,
  "tangent_oracle_mse_total": 0.11418976352214813,
  "normal_mse": 2.3739455192739457e-10,
  "wall_time_seconds": 58.83135175704956
}