{
  "run_name": "dx512_d04_n50000_seed2",
  "dx": 512,
  "d0": 4,
  "n_train": 50000,
  "seed": 2,
  "tangent_oracle_mse_per_dim": 0.010289749594032765,
  "tangent_oracle_mse_total": 0.04115899837613106,
  "normal_mse": 2.381489111691337e-10,
  "wall_time_seconds": 184.8405830860138
}