{
  "run_name": "dx512_d04_n10000_seed3",
  "dx": 512,
  "d0": 4,
  "n_train": 10000,
  "seed": 3,
  "tangent_oracle_mse_per_dim": 0.026229419377446175,
  "tangent_oracle_mse_total": 0.1049176775097847,
  "normal_mse": 2.3717062056505255e-10,
  "wall_time_seconds": 43.47282004356384
}