{
  "run_name": "dx128_d02_n2000_seed0",
  "dx": 128,
  "d0": 2,
  "n_train": 2000,
  "seed": 0,
  "tangent_oracle_mse_per_dim": 0.06310126874446868,
  "tangent_oracle_mse_total": 0.12620253748893737,
  "normal_mse": 2.4747020844692602e-11,
  "wall_time_seconds": 12.42670464515686
}