{
  "run_name": "dx128_d016_n10000_seed3",
  "dx": 128,
  "d0": 16,
  "n_train": 10000,
  "seed": 3,
  "tangent_oracle_mse_per_dim": 0.03493501281142235,
  "tangent_oracle_mse_total": 0.5589602049827576,
  "normal_mse": 2.4811796879575797e-10,
  "wall_time_seconds": 23.892841815948486
}