{
  "run_name": "dx128_d02_n50000_seed0",
  "dx": 128,
  "d0": 2,
  "n_train": 50000,
  "seed": 0,
  "tangent_oracle_mse_per_dim": 0.005779469852894545,
  "tangent_oracle_mse_total": 0.01155893970578909,
  "normal_mse": 2.4748498364882132e-11,
  "wall_time_seconds": 169.02270221710205
}