{
  "run_name": "dx128_d02_n10000_seed2",
  "dx": 128,
  "d0": 2,
  "n_train": 10000,
  "seed": 2,
  "tangent_oracle_mse_per_dim": 0.008326096282899379,
  "tangent_oracle_mse_total": 0.016652192565798758,
  "normal_mse": 2.4874669540472795e-11,
  "wall_time_seconds": 24.579787492752075
}