{
  "run_name": "dx512_d04_n50000_seed1",
  "dx": 512,
  "d0": 4,
  "n_train": 50000,
  "seed": 1,
  "tangent_oracle_mse_per_dim": 0.011859905728697776,
  "tangent_oracle_mse_total": 0.047439622914791105,
  "normal_mse": 2.3700068707555033e-10,
  "wall_time_seconds": 270.61688208580017
}