{
  "run_name": "dx128_d02_n50000_seed2",
  "dx": 128,
  "d0": 2,
  "n_train": 50000,
  "seed": 2,
  "tangent_oracle_mse_per_dim": 0.008453053648769856,
  "tangent_oracle_mse_total": 0.01690610729753971,
  "normal_mse": 2.4918024142672745e-11,
  "wall_time_seconds": 200.2519714832306
}