{
  "run_name": "dx128_d02_n50000_seed4",
  "dx": 128,
  "d0": 2,
  "n_train": 50000,
  "seed": 4,
  "tangent_oracle_mse_per_dim": 0.00902469808012247,
  "tangent_oracle_mse_total": 0.01804939616024494,
  "normal_mse": 2.4732745793759614e-11,
  "wall_time_seconds": 111.03576350212097
}