{
  "run_name": "dx128_d08_n10000_seed4",
  "dx": 128,
  "d0": 8,
  "n_train": 10000,
  "seed": 4,
  "tangent_oracle_mse_per_dim": 0.032066856414079664,
  "tangent_oracle_mse_total": 0.2565348513126373,
  "normal_mse": 1.0179563944348602e-10,
  "wall_time_seconds": 28.158687114715576
}