{
  "run_name": "dx512_d04_n10000_seed1",
  "dx": 512,
  "d0": 4,
  "n_train": 10000,
  "seed": 1,
  "tangent_oracle_mse_per_dim": 0.029632478922605513,
  "tangent_oracle_mse_total": 0.11852991569042205,
  "normal_mse": 2.3689197088394566e-10,
  "wall_time_seconds": 46.022138833999634
}