{
  "run_name": "dx512_d04_n50000_seed0",
  "dx": 512,
  "d0": 4,
  "n_train": 50000,
  "seed": 0,
  "tangent_oracle_mse_per_dim": 0.010656540529429912,
  "tangent_oracle_mse_total": 0.04262616211771965,
  "normal_mse": 2.36411405030168e-10,
  "wall_time_seconds": 200.8961057662964
}