{
  "run_name": "dx128_d04_n50000_seed3",
  "dx": 128,
  "d0": 4,
  "n_train": 50000,
  "seed": 3,
  "tangent_oracle_mse_per_dim": 0.013912765704095364,
  "tangent_oracle_mse_total": 0.05565106281638146,
  "normal_mse": 7.154812580317804e-11,
  "wall_time_seconds": 110.11963748931885
}