{
  "run_name": "dx128_d08_n10000_seed3",
  "dx": 128,
  "d0": 8,
  "n_train": 10000,
  "seed": 3,
  "tangent_oracle_mse_per_dim": 0.030154618573188782,
  "tangent_oracle_mse_total": 0.24123694858551026,
  "normal_mse": 1.02093019768712e-10,
  "wall_time_seconds": 34.27082014083862
}