{
  "run_name": "dx128_d016_n2000_seed0",
  "dx": 128,
  "d0": 16,
  "n_train": 2000,
  "seed": 0,
  "tangent_oracle_mse_per_dim": 0.3832767062187195,
  "tangent_oracle_mse_total": 6.132427299499512,
  "normal_mse": 2.480190080422773e-10,
  "wall_time_seconds": 10.34069299697876
}